K,ratio,asn,s24
99,1,1.61685254027262,4.74690210656754
99,1.25,1.53345724907063,4.09591078066915
99,1.5,1.4728624535316,3.64423791821561
99,1.75,1.44052044609665,3.26579925650558
200,1,3.05576208178439,4.74690210656754
200,1.25,2.9271375464684,4.09591078066915
200,1.5,2.92081784386617,3.64423791821561
200,1.75,2.89219330855019,3.26579925650558
300,1,4.11208178438662,4.74690210656754
300,1.25,4.01598513011152,4.09591078066915
300,1.5,3.90408921933086,3.64423791821561
300,1.75,3.9635687732342,3.26579925650558
370,1,4.68438661710037,4.74690210656754
370,1.25,4.6814126394052,4.09591078066915
370,1.5,4.63791821561338,3.64423791821561
370,1.75,4.52490706319703,3.26579925650558
400,1,4.95811648079306,4.74690210656754
400,1.25,4.85799256505576,4.09591078066915
400,1.5,4.88550185873606,3.64423791821561
400,1.75,4.7639405204461,3.26579925650558
500,1,5.61480793060719,4.74690210656754
500,1.25,5.49925650557621,4.09591078066915
500,1.5,5.48959107806692,3.64423791821561
500,1.75,5.48959107806692,3.26579925650558
600,1,6.18705080545229,4.74690210656754
600,1.25,6.16096654275093,4.09591078066915
600,1.5,6.16096654275093,3.64423791821561
600,1.75,6.16096654275093,3.26579925650558
933,1,7.49498141263941,4.74690210656754
933,1.25,7.47472118959108,4.09591078066915
933,1.5,7.15576208178439,3.64423791821561
933,1.75,6.6368029739777,3.26579925650558
