Scenario,N honest reachable nodes,Min.,1st Qu.,Median,Mean,3rd Qu.,Max.
"Oct 2026, /24 dedup, 80% unreachable",2690,0,24,67,52.942750929368,75.75,110
"Oct 2026, AS dedup, 80% unreachable",2690,0,1,7,82.1936802973978,105,452
"Oct 2026, hybrid, 80% unreachable",2690,0,9,81,77.6412639405205,140,190
"Oct 2026, /24 dedup, 90% unreachable",2690,0,49.25,142,109.576208178439,155,198
"Oct 2026, AS dedup, 90% unreachable",2690,0,2,14,170.042750929368,214,877
"Oct 2026, hybrid, 90% unreachable",2690,0,20,165,160.69405204461,291,362
"May 2025, /24 dedup, 80% unreachable",2764,4,79,87,83.873010130246,93,121
"May 2025, AS dedup, 80% unreachable",2764,0,7,37,91.3198263386397,133.25,372
"May 2025, hybrid, 80% unreachable",2764,4,75,96,87.7091172214182,106,140
"May 2025, /24 dedup, 90% unreachable",2764,11,171,182,175.16497829233,191,227
"May 2025, AS dedup, 90% unreachable",2764,0,14,78,190.587916063676,256.5,738
"May 2025, hybrid, 90% unreachable",2764,13,157,204,182.98516642547,220,272
