Scenario,Betweenness,Closeness,Degree,Eigenvector
"Oct 2026, /24 dedup, 80% unreachable",0.00118144942456134,0.0937575277921984,0.00249982981455188,0.732026555905158
"Oct 2026, AS dedup, 80% unreachable",0.00425859445398593,0.105259025171075,0.0110871847871225,0.873147899202418
"Oct 2026, hybrid, 80% unreachable",0.00203621399664624,0.0816487809566458,0.00450856781983156,0.806318555984817
"Oct 2026, /24 dedup, 90% unreachable",0.00108647342762072,0.104482306073951,0.00234482162178562,0.792788457541551
"Oct 2026, AS dedup, 90% unreachable",0.00474172942316018,0.107746506867482,0.0108689754780171,0.906810396011005
"Oct 2026, hybrid, 90% unreachable",0.00207069067699918,0.0808526980915611,0.00440367468868099,0.859121325793007
"May 2025, /24 dedup, 80% unreachable",0.00104039513626613,0.0786654642244404,0.00240785412602557,0.760455665366891
"May 2025, AS dedup, 80% unreachable",0.00375489716355142,0.102817618599344,0.00785655814909941,0.87604345022458
"May 2025, hybrid, 80% unreachable",0.00124183555539373,0.082137794607347,0.00282030582498335,0.787870745875746
"May 2025, /24 dedup, 90% unreachable",0.00106733120289027,0.0876332515334649,0.00234392749943043,0.817077795895954
"May 2025, AS dedup, 90% unreachable",0.00396939147959247,0.101257435887745,0.00789007666760823,0.905033186508333
"May 2025, hybrid, 90% unreachable",0.00136680853859782,0.0891971527032794,0.00283233593889814,0.841837387436244
