Adversary,Ban,Strategy,List spy %,Spy/12,Stem cur. %,Stem AS-div. %
Observed,off,AS,17.538850397595,0.705834305517723,5.88195254598107,5.88195254598107
Observed,off,AS + cap 1.0%,1.54078483275349,0.240892559491689,2.00743799576409,2.00743799576409
Observed,off,AS + cap 3.1%,3.93576986013655,0.424543244646135,3.53786037205112,3.53786037205112
Observed,off,/24,17.538850397595,2.72649086831911,22.7207572359926,10.6534308734546
Observed,off,/24 + cap 1.0%,1.54078483275349,0.264986286632507,2.20821905527091,2.09017241021595
Observed,off,/24 + cap 3.1%,3.93576986013655,0.660810947395829,5.50675789496527,4.66107346573316
Observed,on,AS,14.6770049475595,0.466195906718266,3.88496588931888,3.88496588931888
Observed,on,AS + cap 1.0%,0.920214400387352,0.134371814704224,1.1197651225352,1.1197651225352
Observed,on,AS + cap 3.1%,2.3789151060286,0.272936442267665,2.27447035223056,2.27447035223056
Observed,on,/24,14.6770049475595,2.42305404659973,20.1921170549979,7.76063713909976
Observed,on,/24 + cap 1.0%,0.920214400387352,0.158104591622597,1.31753826352164,1.25586094422659
Observed,on,/24 + cap 3.1%,2.3789151060286,0.413861721974109,3.44884768311758,2.90728173246972
Spread,off,AS,17.538850397595,3.34871560308836,27.9059633590699,27.9059633590699
Spread,off,AS + cap 1.0%,23.9725179771734,3.81210099753827,31.7675083128189,31.7675083128189
Spread,off,AS + cap 3.1%,20.9046541808407,3.49494601164564,29.1245500970471,29.1245500970471
Spread,off,/24,17.538850397595,2.72649086831911,22.7207572359926,24.9959542282455
Spread,off,/24 + cap 1.0%,23.9725179771734,3.5912726107819,29.9272717565159,30.2048739415181
Spread,off,/24 + cap 3.1%,20.9046541808407,3.21398557912208,26.7832131593509,27.5102043671493
Spread,on,AS,14.6770049475595,2.91409333312774,24.284111109398,24.284111109398
Spread,on,AS + cap 1.0%,20.4862878962444,3.30907908869917,27.5756590724933,27.5756590724933
Spread,on,AS + cap 3.1%,17.6564450108088,3.00349986380851,25.0291655317377,25.0291655317377
Spread,on,/24,14.6770049475595,2.42305404659973,20.1921170549979,22.297148944359
Spread,on,/24 + cap 1.0%,20.4862878962444,3.19992068345845,26.6660056954872,26.9380174633439
Spread,on,/24 + cap 3.1%,17.6564450108088,2.84672241094875,23.7226867579063,24.415448795148
