dataset,strategy,grouping,n.adversary,mean,median,q3,max
2025,observed,s24,1843,1.05101302460203,1,2,5
2025,observed,asn,1843,0.0929811866859624,0,0,2
2025,observed,hybrid,1843,0.560419681620839,0,1,3
2025,asn_distinct_r1,s24,1843,4.9171490593343,5,6,11
2025,asn_distinct_r1,asn,1843,8.3726483357453,8,10,12
2025,asn_distinct_r1,hybrid,1843,5.14761215629522,5,6,10
2025,asn_distinct_r2,s24,921,3.06584659913169,3,4,8
2025,asn_distinct_r2,asn,921,6.40629522431259,6,8,11
2025,asn_distinct_r2,hybrid,921,3.32127351664255,3,4,9
2025,asn_distinct_r3.46,s24,532,1.9938494934877,2,3,7
2025,asn_distinct_r3.46,asn,532,4.80788712011577,5,6,10
2025,asn_distinct_r3.46,hybrid,532,2.19753979739508,2,3,7
2025,asn_distinct_r5,s24,368,1.46960926193922,1,2,6
2025,asn_distinct_r5,asn,368,3.8020984081042,4,5,9
2025,asn_distinct_r5,hybrid,368,1.633502170767,2,2,7
2025,asn_distinct_r10,s24,184,0.808610709117222,1,1,5
2025,asn_distinct_r10,asn,184,2.31222865412446,2,3,8
2025,asn_distinct_r10,hybrid,184,0.883140376266281,1,1,5
