Data,Adversary,Adversary nodes,/24 dedup,AS dedup,Hybrid
Oct 2026,Observed suspected spy nodes,1293,4.38066914498141,0.127509293680297,0.800371747211896
Oct 2026,"AS-distinct, wA/w24 = 1",1293,4.70631970260223,8.31486988847584,5.31561338289963
Oct 2026,"AS-distinct, wA/w24 = 2",646,2.95167286245353,6.33866171003718,3.47732342007435
Oct 2026,"AS-distinct, wA/w24 = 3.46",373,1.90371747211896,4.73271375464684,2.34386617100372
Oct 2026,"AS-distinct, wA/w24 = 5",258,1.37174721189591,3.69591078066915,1.74684014869888
Oct 2026,"AS-distinct, wA/w24 = 10",129,0.71003717472119,2.2182156133829,0.934200743494424
May 2025,Observed suspected spy nodes,1843,1.05101302460203,0.0929811866859624,0.560419681620839
May 2025,"AS-distinct, wA/w24 = 1",1843,4.9171490593343,8.3726483357453,5.14761215629522
May 2025,"AS-distinct, wA/w24 = 2",921,3.06584659913169,6.40629522431259,3.32127351664255
May 2025,"AS-distinct, wA/w24 = 3.46",532,1.9938494934877,4.80788712011577,2.19753979739508
May 2025,"AS-distinct, wA/w24 = 5",368,1.46960926193922,3.8020984081042,1.633502170767
May 2025,"AS-distinct, wA/w24 = 10",184,0.808610709117222,2.31222865412446,0.883140376266281
