Data,Adversary,Outbound,Spy/12,Stem cur.,Stem AS-div.
Oct 2026,Observed,AS,0.127509293680297,1.06257744733581,1.06257744733581
Oct 2026,Observed,/24,4.38066914498141,36.5055762081784,12.2588539850622
Oct 2026,Observed + ban-list nodes,AS,0.15092936802974,1.25774473358117,1.25774473358117
Oct 2026,Observed + ban-list nodes,/24,4.50594795539034,37.5495662949195,13.8731538253843
Oct 2026,"Spread, 99 ASes",AS,1.60631970260223,13.3859975216853,13.3859975216853
Oct 2026,"Spread, 99 ASes",/24,4.70631970260223,39.2193308550186,41.8876733121622
Oct 2026,"Spread, 370 ASes",AS,4.76468401486989,39.7057001239157,39.7057001239157
Oct 2026,"Spread, 370 ASes",/24,4.70631970260223,39.2193308550186,42.3479332178217
Oct 2026,"Spread, 933 ASes",AS,7.48884758364312,62.407063197026,62.407063197026
Oct 2026,"Spread, 933 ASes",/24,4.70631970260223,39.2193308550186,42.4339755315592
Oct 2026,One node per AS,AS,8.31486988847584,69.2905824039653,69.2905824039653
Oct 2026,One node per AS,/24,4.70631970260223,39.2193308550186,42.4727398788737
Oct 2026,10 largest honest ASes,AS,0.127509293680297,1.06257744733581,1.06257744733581
Oct 2026,10 largest honest ASes,/24,4.70631970260223,39.2193308550186,36.6972426960345
Oct 2026,30 largest honest ASes,AS,0.387732342007435,3.23110285006196,3.23110285006196
Oct 2026,30 largest honest ASes,/24,4.70631970260223,39.2193308550186,40.3768724374208
Oct 2026,Honest AS distribution,AS,2.7364312267658,22.8035935563817,22.8035935563817
Oct 2026,Honest AS distribution,/24,4.70631970260223,39.2193308550186,37.9775084666813
May 2025,Observed,AS,0.0929811866859624,0.77484322238302,0.77484322238302
May 2025,Observed,/24,1.05101302460203,8.75844187168355,6.17083841916512
