scenario,K,grouping,seed,ratio,n.adversary,mean,max
K99,99,s24,5,1,1293,4.7728624535316,11
K99,99,asn,5,1,1293,1.57472118959108,6
K200,200,s24,5,1,1293,4.7728624535316,11
K200,200,asn,5,1,1293,3.09033457249071,8
K300,300,s24,5,1,1293,4.7728624535316,11
K300,300,asn,5,1,1293,4.07992565055762,10
K370,370,s24,5,1,1293,4.7728624535316,11
K370,370,asn,5,1,1293,4.7185873605948,11
K400,400,s24,5,1,1293,4.7728624535316,11
K400,400,asn,5,1,1293,5.01003717472119,11
K500,500,s24,5,1,1293,4.7728624535316,11
K500,500,asn,5,1,1293,5.6275092936803,11
K600,600,s24,5,1,1293,4.7728624535316,11
K600,600,asn,5,1,1293,6.19479553903346,11
K933,933,s24,5,1,1293,4.7728624535316,11
K933,933,asn,5,1,1293,7.54052044609666,12
