scenario,K,grouping,n.adversary,mean,max
K200,200,s24,1293,4.70631970260223,10
K200,200,asn,1293,3.03345724907063,9
K200,200,hybrid,1293,5.30520446096654,11
K300,300,s24,1293,4.70631970260223,10
K300,300,asn,1293,4.0907063197026,10
K300,300,hybrid,1293,5.32081784386617,10
K400,400,s24,1293,4.70631970260223,10
K400,400,asn,1293,4.97620817843866,10
K400,400,hybrid,1293,5.32639405204461,10
K600,600,s24,1293,4.70631970260223,10
K600,600,asn,1293,6.21226765799257,11
K600,600,hybrid,1293,5.32193308550186,11
