asn,sources,x4b_dc,as_name,country,pdb_name,pdb_type,website
20956,bitcoin,0,SSI-AS,BG,,,
47610,bitcoin+tor,0,RWTH-AS,DE,,,
22750,tor,0,BCSNET,ZA,BCSGroup,Cable/DSL/ISP,http://www.bcsgroup.co.za
33363,bitcoin+monero,0,BHN-33363,US,Charter Communications (33363),Cable/DSL/ISP,https://www.spectrum.com/
10620,bitcoin,0,Telmex Colombia S.A.,CO,,,
7489,tor,1,HOSTUS-GLOBAL-AS HostUS,HK,HostUS,Content,https://hostus.com/
48239,tor,0,"ITTV-AS Kiev, Ukraine",UA,IT-TV,Cable/DSL/ISP,http://www.it-tv.org
44574,bitcoin,0,A4N Network Services,GB,AS44574 Networks,Content,http://as44574.net/
1547,bitcoin,0,IDK-NETWORK,MD,JSC InterDnestrCom (IDC),Cable/DSL/ISP,http://idknet.com/
7296,bitcoin,0,AS-DYNASCALE-LAX,US,"Alchemy Communications, Inc.",Content,http://www.alchemy.net
8445,bitcoin+tor,0,SALZBURG-AG-AS,AT,Salzburg AG,Cable/DSL/ISP,http://www.salzburg-ag.at
150706,bitcoin,0,"HKZTCL-AS-AP Hong Kong Zhengxing Technology Co., Ltd.",HK,,,
21581,bitcoin,0,M5HOSTING,US,M5 Computer Security / M5Hosting,Content,http://www.m5hosting.com
46455,bitcoin,0,NLI-ISP,US,NetworkLubbock,NSP,https://jsitel.com/
21453,bitcoin,0,FLEX-AS,RU,Flex,Cable/DSL/ISP,http://flex.ru
198193,bitcoin,0,ASN-TCABLE,ES,Television por Cable Santa Pola,Cable/DSL/ISP,http://www.grupotelecable.es/
215467,bitcoin,0,SKHRON Skhron OU: skhron.eu,EE,Skhron,Content;Network Services,https://skhron.eu/
36103,tor,0,CENTRALUTAH,US,CentraCom,Cable/DSL/ISP,https://www.centracom.com
58212,bitcoin+tor,0,DATAFOREST,DE,Dataforest,NSP,https://dataforest.net
33915,bitcoin+monero+tor,0,TNF-AS,NL,Vodafone Libertel B.V.,Cable/DSL/ISP,http://www.vodafone.nl/zakelijk/
51290,tor,1,HOSTEAM-AS,PL,HosTeam,Content,http://hosteam.pl/
137266,monero,0,CHINATELECOM-HUBEI-WUHAN-5G-NETWORK CHINATELECOM Hubei province Wuhan 5G network,CN,,,
213269,monero,0,OSS,FI,,,
31208,monero,0,MF-CENTER-AS,RU,,,
16075,tor,0,TAZ-AS taz die tageszeitung autonomous system,DE,TAZ,Content,https://www.taz.de
215590,monero,0,DPKGSOFT-AS,GB,DpkgSoft International Limited,Enterprise;Network Services,https://xorek.cloud/
812,bitcoin+monero+tor,0,ROGERS-COMMUNICATIONS,CA,Rogers Cable,Cable/DSL/ISP,http://www.rogers.com
216071,bitcoin+monero+tor,1,VDSINA,AE,VDSINA,Content,https://www.vdsina.com
9943,bitcoin,0,KNCTV-AS KangNam CableTV,KR,,,
30377,monero,0,MACST-DUB,US,,,
33657,bitcoin+monero+tor,0,CMCS,US,Comcast - Baltimore and D.C.,Cable/DSL/ISP,
30404,bitcoin,0,BLUESTREAMFIBER,US,Blue Stream,Cable/DSL/ISP,https://www.bluestreamfiber.com
22489,bitcoin,0,DATABANK-CASTLEACCESS,US,,,
30983,monero+tor,0,MARWAN-AS,MA,MARWAN - Moroccan Academic Network,Educational/Research,https://marwan.ma
20766,tor,0,"GITOYEN-MAIN-AS The main Autonomous System of Gitoyen Paris, France.",FR,Association Gitoyen,Non-Profit,https://www.gitoyen.net/
10013,bitcoin,0,"FBDC FreeBit Co.,Ltd.",JP,"FreeBit Co,Ltd.",NSP,https://www.freebit.com/
4685,bitcoin,0,ASAHI-NET Asahi Net,JP,ASAHI Net,Cable/DSL/ISP,http://www.asahi-net.or.jp/
202282,bitcoin+tor,0,FIBRUS,GB,Fibrus,Cable/DSL/ISP,https://www.fibrus.com
15493,bitcoin,0,"RUSCOMP-AS Russian company LLC. Internet Service Provider, Tyumen",RU,,,
401401,tor,0,UNREDACTED-NOISENET,US,Unredacted Inc (NoiseNet),NSP;Non-Profit,https://unredacted.org/
200736,bitcoin+monero+tor,0,INALAN,GR,MEDIANET INVEST M.I.K.E,Cable/DSL/ISP,https://www.inalan.gr/
10996,tor,0,CONCORDE,CA,VIF Internet,Cable/DSL/ISP,http://www.vif.com
19949,tor,0,FNFISP,US,FNFISP,,
24877,monero,0,INIT Init Corporation Autonomous System,LT,UAB INIT Kns,,http://init.lt
56030,monero+tor,0,VOYAGERNET-AS-AP Voyager Internet Ltd.,NZ,Voyager Internet,NSP,http://www.voyager.co.nz
142108,bitcoin,0,ROTKONETWORKSOU-AS-AP Rotko Networks,TH,Rotko Networks,Network Services,http://rotko.net
202053,bitcoin+tor,1,UPCLOUD,FI,UpCloud,Content,http://www.upcloud.com
141356,bitcoin,0,UAL-AS-AP Universe Action Limited,HK,Universe Action,,
202596,monero,0,GNETWORK,GB,G.Network Communications,,http://g.network
42675,bitcoin+monero+tor,1,OBEHOSTING Obehosting AB,SE,Obehosting,,https://obe.net/hosting
16302,bitcoin+monero+tor,0,SUOMICOMMUNICATIONS,FI,SuomiCommunications,Cable/DSL/ISP,https://www.suomicom.fi/
965,tor,0,WEBHOSTINGHOLDINGS,US,,,
200295,bitcoin,0,MT-SKOED,MT,,,
198985,tor,0,AQUILENET AQUILENET,FR,Aquilenet,Non-Profit,https://www.aquilenet.fr
12310,monero,0,INES Bucharest  ROMANIA,RO,iNES Group,NSP,http://www.ines.ro
44512,bitcoin,0,KONVERTO-AS,IT,KONVERTO,NSP,https://www.konverto.eu
40244,tor,1,TURNKEY-INTERNET,US,Turnkey Internet,NSP,https://turnkeyinternet.net
56546,bitcoin,0,KTASTRA-AS,BG,,,
9158,tor,0,TELENOR_DANMARK_AS,DK,Telenor Denmark,Network Services,http://www.telenor.dk
34700,bitcoin+monero+tor,0,CITYNET-AS Maxnet LLC,UA,Maxnet Ukraine,Cable/DSL/ISP,https://maxnet.ua
203953,bitcoin+tor,0,HIPER,DK,,,
49531,tor,0,NETCOM-R-AS,RU,,,
25513,bitcoin,0,ASN-MGTS-USPD,RU,MGTS,,
29909,bitcoin,0,METROOPTIC,CA,Metro Optic,NSP,http://www.metrooptic.com
18106,tor,0,VIEWQWEST-SG-AP Viewqwest Pte Ltd,SG,ViewQwest,Cable/DSL/ISP;Enterprise;NSP;Network Services,http://www.viewqwest.com
19799,tor,0,HCS,US,,,
5408,tor,0,GR-NET www.grnet.gr,GR,National Infrastructures for Research and Technology (GRNET),Educational/Research,http://www.grnet.gr
54936,bitcoin+tor,0,WGL-107-ZONA-WYYERD,US,Wyyerd Group,Cable/DSL/ISP,https://www.wyyerd.com/
1448,bitcoin,0,UNITED-BROADBAND,US,United Cooperative Services,Cable/DSL/ISP,https://ucs.net
57794,bitcoin,0,HCN-01 *** Peering Info from HCN *** UpStream,GR,HCN,Cable/DSL/ISP,http://www.hcn.gr
4364,bitcoin,0,IGLOU,US,,,
35366,tor,1,ISPPRO-AS ISPPRO-AS covers the networks of ISPpro,DE,ISPpro Internet KG,,http://www.isppro.de
5607,bitcoin+tor,0,BSKYB-BROADBAND-AS,GB,Sky Broadband,Cable/DSL/ISP,http://www.sky.com/products/broadband-talk/
4764,bitcoin+monero+tor,0,WIDEBAND-AS-AP Aussie Broadband,AU,Aussie Broadband,Cable/DSL/ISP,https://www.aussiebroadband.com.au
208208,bitcoin+tor,0,CYBERSE Cyberse GmbH & Co. KG,DE,CYBERSE,NSP;Network Services,https://cyberse.de
34941,bitcoin,0,CYBERCOM-AS,SE,,,
396948,monero,0,CLOUDWEBMANAGE-SC,US,,,
6057,bitcoin,0,Administracion Nacional de Telecomunicaciones,UY,ANTEL,Cable/DSL/ISP,http://www.antel.com.uy
270039,tor,0,,,PRILZ COLOMBIA,,
61900,bitcoin,0,Mais Internet LTDA EPP,BR,Mais Internet,Cable/DSL/ISP,https://maisinternet.net.br
12668,bitcoin+monero,0,MIRALOGIC-AS,RU,MiraLogic Telecommunication Systems,NSP,http://miralogic.ru
51561,bitcoin,0,AS-ICUK,GB,ICUK Computing Services Ltd,NSP,https://www.icuk.net/
200303,tor,0,LUMASERV LUMASERV GmbH,DE,LUMASERV,NSP,https://lumaserv.com
42532,tor,1,VEESP-LV-AS,LV,Veesp SIA,NSP,https://veesp.com
200950,tor,0,CALIBOURNETWORK _,GB,Calibour Limited,Cable/DSL/ISP;Content;Educational/Research;Enterprise;NSP;Network Services;Non-Profit,https://calibour.com
45899,bitcoin+monero+tor,0,VNPT-AS-VN VNPT Corp,VN,VNPT,Cable/DSL/ISP,http://www.vnpt.vn
5617,bitcoin+monero+tor,0,TPNET,PL,Orange Polska - TPNET,Cable/DSL/ISP,http://www.orange.pl
12430,bitcoin+tor,0,VODAFONE_ES,ES,Vodafone España,Cable/DSL/ISP,http://www.vodafone.es
197648,tor,1,CL8ASN1,CY,,,
47,bitcoin,0,USC-AS,US,University of Southern California - AS47,,http://usc.edu
206264,tor,0,AMARUTU-TECHNOLOGY,SC,Amarutu Technology Ltd.,NSP,https://koddos.net
204272,bitcoin,0,ASARTA-SPB-AS St.Petersburg,RU,ASARTA,NSP,https://asarta.ru/
396325,bitcoin,0,FUSION-NETWORKS,US,The Fusion Networks,,http://www.fusionnetworks.me
399122,tor,0,AS-VPSHOUSE,US,VPS House Technology Group LLC,Content,https://www.vpshouse.pro/
49791,bitcoin,0,AS-3HCLOUD,US,3HCLOUD,Content,https://3hcloud.com
24233,bitcoin,0,SUPERLOOP-AS-AP SUPERLOOP BigAir,AU,,,
25353,tor,0,BAR-AS Weidenweg 235,CH,BAR Informatik Net,NSP,http://www.barinformatik.ch
50771,bitcoin,0,GIGALINK-LTD-AS,RU,,,
395502,bitcoin+monero,0,JCOLO,US,Sunbreak Electronics,NSP,http://www.jeffcolo.net
399512,bitcoin,0,GREATWAVE-HE-A,US,,,
